Train Accuracy E2V,Train Accuracy V2E,Validation Accuracy E2V,Validation Accuracy V2E,Test Accuracy E2V,Test Accuracy V2E,Train Loss E2V,Train Loss V2E,Validation Loss E2V,Validation Loss V2E,Test Loss E2V,Test Loss V2E
0.29414950153494085,0.3081541982709734,0.6293057304719041,0.5890283854468831,0.6271388593284801,0.5907815487488456,6.365947473183743,6.671056562934826,2.0764116540305437,2.467667384126197,2.091398066487806,2.460790376970614
0.4587768357860146,0.449856185280718,0.6908673579029614,0.6492867593427928,0.6886765984036654,0.6497105155274164,3.229133484991164,3.536334344399883,1.6692570412902237,2.051293007904391,1.6794180558453933,2.045632905811429
0.49183466942696324,0.4814668388769692,0.711374004646171,0.6692929726710423,0.7098858362193302,0.6705525456000861,2.974649926931394,3.2893531578146287,1.5258355722438803,1.9057350317351252,1.5328686080819411,1.9007701472126894
0.5076642078794175,0.4966956269226551,0.7209069181403382,0.680847677181093,0.7185873784821668,0.6835063951049777,2.8534841630630865,3.1681300832445785,1.4604321237233617,1.825421736823569,1.4685647040962888,1.8175860174554144
0.5013792225192375,0.49172125293089075,0.7180465270432351,0.6793272230122015,0.7162970990228424,0.6801334907539742,2.887373982086439,3.1999636715226147,1.462774392369268,1.8241288174542305,1.4698023218616878,1.8184959326716637
0.5191797907474388,0.5107235283761642,0.7319607845456194,0.6920170558871125,0.729883439427943,0.6932462063267363,2.7644332732092645,3.0673377977735314,1.3861755516460474,1.7570025189031515,1.3918319736882079,1.7526437590162245
0.5284788969924371,0.5205909879627603,0.7390483934030259,0.6992420364412473,0.736960509876839,0.7010897418006147,2.700582420172058,2.9964111598456626,1.3453392602271028,1.7089726325991057,1.351734833036967,1.7019359230709306
0.5309380710079639,0.5237047534777033,0.7171090304923,0.6738166006849252,0.7150811273202622,0.6750145300829725,2.6799893831728485,2.9768032668627127,1.4684659847967345,1.8490502032444631,1.4773603569117668,1.8506944887072063
0.5188025955504956,0.5141359583196423,0.7332552542432035,0.6967507682972961,0.7314726519856236,0.6980036951655106,2.7592309340855867,3.046994105220827,1.3683238868518985,1.7267096970292877,1.3722350618822112,1.722700598571512
