Train Accuracy,Validation Accuracy,Test Accuracy,Train Loss,Validation Loss,Test Loss
0.31837926949514356,0.578882011748738,0.5764637267469761,4.228667576657476,2.266906755952979,2.271556500513949
0.6505131224322176,0.7404865420343888,0.7402937553036752,1.783812562155581,1.2678599369585815,1.2610818097489562
0.7317046751982017,0.7759368886899709,0.7770840140742872,1.2632836140211476,1.0447211678902708,1.0359157499618565
0.7622875188332817,0.7959906279142178,0.7952690364128381,1.0738220562115381,0.9414003467440006,0.931890815608765
0.7804266331816455,0.8070165851906915,0.8078564179303059,0.966920731613236,0.8893040520461959,0.8755282147146349
0.7927186394735894,0.8157512512638341,0.814973540791315,0.8969037410670344,0.8439534709381697,0.8311058748981461
0.8018006722732727,0.8193905329584477,0.8206747109866023,0.8453713766163462,0.8192844620751376,0.8055289902036363
0.8096773623482101,0.8241516103097541,0.825897223685854,0.8052577870913485,0.7979967332066004,0.7827561699490452
0.8153978484885889,0.8272536131904353,0.8270958650052248,0.7744539031113399,0.7848231159712202,0.7690119279838686
