Train Accuracy E2V,Train Accuracy V2E,Validation Accuracy E2V,Validation Accuracy V2E,Test Accuracy E2V,Test Accuracy V2E,Train Loss E2V,Train Loss V2E,Validation Loss E2V,Validation Loss V2E,Test Loss E2V,Test Loss V2E
0.29414950153494085,0.3081541982709734,0.6293057304719041,0.5890283854468831,0.6271388593284801,0.5907815487488456,6.365947473183743,6.671056562934826,2.0764116540305437,2.467667384126197,2.091398066487806,2.460790376970614
0.4587768357860146,0.449856185280718,0.6908673579029614,0.6492867593427928,0.6886765984036654,0.6497105155274164,3.229133484991164,3.536334344399883,1.6692570412902237,2.051293007904391,1.6794180558453933,2.045632905811429
0.49183466942696324,0.4814668388769692,0.711374004646171,0.6692929726710423,0.7098858362193302,0.6705525456000861,2.974649926931394,3.2893531578146287,1.5258355722438803,1.9057350317351252,1.5328686080819411,1.9007701472126894
