Train Accuracy,Validation Accuracy,Test Accuracy,Train Loss,Validation Loss,Test Loss
0.3900236730392495,0.6647909817533877,0.6650400112322228,3.7654253220385563,1.7329723508513752,1.729438650398398
0.7105663121966097,0.7742764406168281,0.7745370972695662,1.4083668006303216,1.0566399711460324,1.0469813048465169
0.7724315798203826,0.8024729460328068,0.8043874726822627,1.0304011351701259,0.9084534312612448,0.8918487970628332
0.7979933787412826,0.8179422512126329,0.8204748405883061,0.8867322586413483,0.8364426319922634,0.8179419402725733
0.813652023809077,0.8260964107273812,0.8275824087349015,0.8039222941820374,0.7967881245828753,0.779367523562706
0.8245464332605782,0.8320557579922316,0.834688047068802,0.7482612704870496,0.7669161522208746,0.7498762420280345
0.8324715921741482,0.8361404091868568,0.8387457584615928,0.7080682321918584,0.7500749065648371,0.7312554835561832
0.8386735843531471,0.8405983894314598,0.8420837057295756,0.6762235500657187,0.7338985084888324,0.7171357411835062
0.8442615114520622,0.8421721061569961,0.8441650317841439,0.6501710962810192,0.7238287700330792,0.7061694126070743
