Train Accuracy E2V,Train Accuracy V2E,Validation Accuracy E2V,Validation Accuracy V2E,Test Accuracy E2V,Test Accuracy V2E,Train Loss E2V,Train Loss V2E,Validation Loss E2V,Validation Loss V2E,Test Loss E2V,Test Loss V2E
0.29414950153494085,0.3081541982709734,0.6293057304719041,0.5890283854468831,0.6271388593284801,0.5907815487488456,6.365947473183743,6.671056562934826,2.0764116540305437,2.467667384126197,2.091398066487806,2.460790376970614
