Train Accuracy E2V,Train Accuracy V2E,Validation Accuracy E2V,Validation Accuracy V2E,Test Accuracy E2V,Test Accuracy V2E,Train Loss E2V,Train Loss V2E,Validation Loss E2V,Validation Loss V2E,Test Loss E2V,Test Loss V2E
0.2525983098699571,0.2710821901198501,0.5432606674563224,0.524906874954075,0.5399447960117232,0.5253767782691,6.050029586456534,6.212591796337814,2.627257098322329,2.9213747449185714,2.6418756981124765,2.9239835070705844
0.3922948464565311,0.39532161379632536,0.6181498175707535,0.5873553710005273,0.6170760630846381,0.5886162541348716,3.677575914645861,3.921329927444458,2.1136653357181237,2.4423090282051283,2.1223166187306393,2.4401169334394464
0.4242593159898009,0.4243509360742371,0.6487133900175567,0.6163924554924199,0.646731045113868,0.6168837209512805,3.4339425609994345,3.6814915664976575,1.9201986051570887,2.2391950685581166,1.9308030321144092,2.2396698700434445
