Train Accuracy,Validation Accuracy,Test Accuracy,Train Loss,Validation Loss,Test Loss
0.019159562805329523,0.09199775729197354,0.09204429412382333,8.758578610562813,8.223608311696267,8.22746432845916
0.0921742393628471,0.09210564081917456,0.09211057385233179,7.784962337122873,7.396697591896632,7.399457231837901
0.09217921105530939,0.09206191023540257,0.09204379807989202,7.188055314168189,6.926581188661968,6.932758306139078
