Train Accuracy E2V,Train Accuracy V2E,Validation Accuracy E2V,Validation Accuracy V2E,Test Accuracy E2V,Test Accuracy V2E,Train Loss E2V,Train Loss V2E,Validation Loss E2V,Validation Loss V2E,Test Loss E2V,Test Loss V2E
0.2525983098699571,0.2710821901198501,0.5432606674563224,0.524906874954075,0.5399447960117232,0.5253767782691,6.050029586456534,6.212591796337814,2.627257098322329,2.9213747449185714,2.6418756981124765,2.9239835070705844
0.3922948464565311,0.39532161379632536,0.6181498175707535,0.5873553710005273,0.6170760630846381,0.5886162541348716,3.677575914645861,3.921329927444458,2.1136653357181237,2.4423090282051283,2.1223166187306393,2.4401169334394464
0.4242593159898009,0.4243509360742371,0.6487133900175567,0.6163924554924199,0.646731045113868,0.6168837209512805,3.4339425609994345,3.6814915664976575,1.9201986051570887,2.2391950685581166,1.9308030321144092,2.2396698700434445
0.4395878551548886,0.4389633604939042,0.66109390389258,0.627648260729245,0.6598292893913017,0.6285844544867526,3.319392870893382,3.56493755358709,1.8318999751933154,2.1583098893401504,1.839974744924005,2.1580939755804356
0.4457237003498395,0.4449136122946079,0.6488197832361333,0.6094682469986368,0.6467850889669902,0.6106609193192072,3.2703596268674837,3.5154684198518913,1.8959853815353256,2.262326998510461,1.9072205789800527,2.2641703764359273
0.44431801069299875,0.4437222351329495,0.6679766046321731,0.6344399696168513,0.6661397457748339,0.6349044373367858,3.27224434225317,3.523507250793194,1.76627770446051,2.110236591663675,1.7740114176648667,2.1145855465392835
0.4552781875085349,0.4546275509657494,0.6796496643655482,0.6414660524571317,0.6776662918402516,0.641711341968362,3.1977906414956756,3.4469417046735633,1.700096829630982,2.0594901522060205,1.7070671877582213,2.061197454604073
0.46083584060572613,0.4610426364983396,0.6824087832553097,0.6469552464213507,0.6803700600875013,0.646225662156381,3.1614868747713447,3.399218242563666,1.6866277938839913,2.0268948226496915,1.6946977110638255,2.0296006240229914
0.46216050267432035,0.4632247243264709,0.6823491724892178,0.6458228367200677,0.6804485506918477,0.64636822185595,3.153546765200524,3.3863258565244263,1.682091713487834,2.0283112913772263,1.686228670101652,2.023368690324866
